<?xml version="1.0" encoding="UTF-8"?>
<project-private xmlns="http://www.netbeans.org/ns/project-private/1">
    <editor-bookmarks xmlns="http://www.netbeans.org/ns/editor-bookmarks/2" lastBookmarkId="0"/>
    <open-files xmlns="http://www.netbeans.org/ns/projectui-open-files/2">
        <group>
            <file>file:/D:/FCAIHU/2021-2022/Operating%20Systems%202/project/final%20final%20final/MakeASquare/src/makeasquare/PrintSolutionsThreads.java</file>
            <file>file:/D:/FCAIHU/2021-2022/Operating%20Systems%202/project/final%20final%20final/MakeASquare/src/makeasquare/multiThreading.java</file>
            <file>file:/D:/FCAIHU/2021-2022/Operating%20Systems%202/project/final%20final%20final/MakeASquare/src/makeasquare/MasterThread.java</file>
        </group>
    </open-files>
</project-private>
